,title,score,subreddit,username
0,From an Italian to the rest of the world: you have no idea about what's coming.,16818,china_flu,goddessofthebitches
1,Proof of cooked books: Japanese man who died in Wuhan was initially listed as dying from 'viral pneumonia' and wasn't in the official death count,11927,china_flu,DeWallenVanWimKok
2,The WHO sent 25 international experts to China and here are their main findings after 9 days,8922,china_flu,staplehill
3,I hope everyone realizes the reason the CDC and surgeon general are asking the general public to stop wearing masks is because there aren‚Äôt enough for healthcare workers.,7043,china_flu,IcyPresence96
4,"Epicenter of coronavirus outbreak reports 14,840 new cases, including clinically diagnosed cases, and 242 new deaths",6811,china_flu,madman320
5,"I resent that, because the US government has been so inept in handling the coronavirus, I have to sound like a fucking conspiracy theorist when using basic critical thinking skills.",5682,china_flu,barbieonspeed
6,"The World Health Organization has announced that dogs cannot contract Covid-19. Dogs previously held in quarantine can now be released. To be clear, WHO let the dogs out.",5363,china_flu,SeventhConstellation
7,The CDC has stopped disclosing the number of Americans tested for coronavirus. The lack of testing is a scandal. This is the coverup. Do they think we‚Äôre stupid?,4787,china_flu,barbieonspeed
8,"From an American law professor: ""There are many lessons to be learned from the Wuhan coronavirus pandemic. But one is already clear: China needs to be isolated from the civilized world until its behavior improves.""",4717,china_flu,maravvan
9,A family of four in Wuhan all passed away due to the virus. I translate his last words.,4705,china_flu,whenthewindupbird
10,"[new York governor cuomo] BREAKING: I am announcing a new directive requiring NY health insurers to waive cost sharing associated with testing for #coronavirus, including emergency room, urgent care and office visits. We can't let cost be a barrier to access to COVID-19 testing for any New Yorker.",4637,china_flu,tenders74
11,"The sound of hell in Wuhan City. The community has been pushed to the limit, residents screams, wails, and howl throng the night.",4556,china_flu,chingchongcheng84
12,"Yes China, we believe you 100 percent",4527,china_flu,garydawson009
13,Senator is calling on the director of the World Health Organization (WHO) to step down as for what they say is a role in a Chinese cover-up of its coronavirus statistics.,4353,china_flu,C3R3B3
14,"Dr. Liang Wudong, a surgeon who was treating patients in Wuhan, become the first doctor to die from the new Coronavirus at Hubei Xinhua Hospital. A reminder that while everyone else is trying to avoid it, frontline medical staff are risking their lives to cure it and help others.",4269,china_flu,fernandezq
15,Stop locking and removing any thread that is criticizing China‚Äôs response,4235,china_flu,Kack-a-lack
16,"Hong Kong journalist asks WHO senior advisor about Taiwan. He pretends to not hear, hangs up the phone, and ends the interview abruptly.",4211,china_flu,johnruby
17,"A study has indicated that if Chinese authorities had acted three weeks earlier than they did, the number of coronavirus cases could have been reduced by 95% and its geographic spread limited",4168,china_flu,bradipaurbana
18,Italian Governor: I Was Called ‚ÄòRacist‚Äô for Wanting to Test China Travelers in February,4085,china_flu,winniejinping
19,My wife is officially done with her quarantine!,4022,china_flu,lolo_916
20,"At this point, I think we can consider Chinese COVID-19 reports as pure fiction",4021,china_flu,DonneyZ
21,"‚ÄúThe Trump administration has barred Dr. Anthony Fauci, the director of the National Institute of Allergy and Infectious Diseases, from speaking publicly about the novel coronavirus without approval.‚Äù",3885,china_flu,ForceFedPorkPies
22,This is chilling. A nurse on the front lines in Chicago tried to wear her own N95 to work while caring for COVID pts (when it wasn‚Äôt supplied for her) & she was told by management she would not be allowed to. She quit her job.,3855,china_flu,Ashes0fTheWake
23,Shit went down fast - Coronavirus diary #1,3745,china_flu,DatGunBoi
24,[Belgium]Footage show a guy intentionally smearing his saliva on the holding rods of the metro rail coach.An arrest warrant has been issued.People are demons.,3629,china_flu,Thruster666
25,Where are my people who have been watching this since day one at?,3610,china_flu,Finelinez
26,Someone left this note on every floor of my condominium.,3473,china_flu,The-Brontosaurus
27,They said it's not a pandemic. Then it was a pandemic. They said closing borders doesn't work. Then they closed the borders. They said wearing a mask doesn't work. Now they say to wear masks. They said its not transmitted through the air. Then it is transmitted through the air. You cant make this up,3457,china_flu,TheRealDeex
28,"I would like to see everyone saying ""it affects only elderly"" in front of their parents and grandparents.",3411,china_flu,Rabus
29,BREAKING: Beijing Closes All Public Places,3406,china_flu,sleepyfries
30,"CoronaVirus - FAQ, misconceptions, information, from a statistical perspective",3392,china_flu,annoy-nymous
31,Either: A. You're already infected in which case you shouldn't go out. or B. You're not infected yet in which case you shouldn't go out.,3318,china_flu,NoBreaks2016
32,"Chinese doctor Li Wenliang, who was accused of spreading rumors after trying to warn colleagues about coronavirus, has died of the illness",3296,china_flu,DeWallenVanWimKok
33,Warning: China is beginning to spread conspiracy theories as truth and trying to shift the blame of the outbreak last year to the US.,3280,china_flu,PM_me_Henrika
34,"USA Today: Across the United States, the nation's 3.5 million professional truckers are working flat-out to keep stores and businesses stocked. Todd Jadin says, ""I think people, quite frankly, take truck drivers for granted.""",3261,china_flu,factfind
35,"Remember, China told WHO about the virus (""Unknown pneumonia"") only in JANUARY, saying ""no evidence of human to human transmission""! the first serious case was detected in China in November and from the virus genome analysis by Georgetown University it is proven it started in October in China",3253,china_flu,bradipaurbana
36,The Adventure Continues! üêßüêß While CV19 shuts down the Aquarium,3250,china_flu,COYIWHU
37,The woman in Japan who died of coronavirus had never left the country and it's unknown how she was infected - NHK,3181,china_flu,koolman631
38,"""20% of COVID-19 patients required hospitalisation compared to 0.2% of Influenza patients."" An article about how the huge hospitalisation rate might overwhelm our infrastructure and is the most dangerous aspect of the virus while the media are completely ignoring it.",3156,china_flu,amwren
39,UK think tank suggests CCP should be sued for $6.5 trillion,3154,china_flu,Reddit_Is_CCP_Owned
40,BREAKING: Wisconsin dept. of health confirms first case of coronavirus in the state - CNBC,3115,china_flu,koolman631
41,"I am now a grocery store worker, my job is to sanitize the store every day. I‚Äôll do my best to keep you all safe.",3048,china_flu,altariasong
42,Italian here: don‚Äôt trust the Chinese propaganda,3013,china_flu,aleeea
43,Boris Johnson's government is reportedly furious with China and believes it could have 40 times more coronavirus cases than it claims,2981,china_flu,johntempleton
44,"A Dutch scientist of the University of Groningen created hydroxychloroquine in aerosol form and it will be available within weeks. It instantly reaches the lungs to directly block the negative effects of COVID-19, even better than HCQ in oral form.",2874,china_flu,yarpoo
45,"Italy reports 1,492 new cases of coronavirus and 133 new deaths, raising total to 7,375 cases and 366 dead",2857,china_flu,madman320
46,Some world leaders in a nutshell,2850,china_flu,Ronaldoi
47,"""Obviously in China they're in mitigation stages... they're really now beyond containment"" - CDC Director Robert R. Redfield",2806,china_flu,Alan_Krumwiede
48,"Homeopathic remedies are starting to appear on this sub, if not cleaned up mods the medical experts are going to stop coming to this sub.",2747,china_flu,ratpaz312
49,Current status of outside-china patients.,2727,china_flu,Ketcchup
50,You might have an insider here in a bit boooooys,2692,china_flu,rkstrr
51,China may have prevented 95% of virus cases if it acted on silenced whistleblower's warning,2642,china_flu,5QxjKb7SI2j1d9Zs3jcs
52,"COVID-19 had killed more people today alone, than what SARS killed in its entirety.",2579,china_flu,Jakten2
53,Teenager attending Jackson high in Washington State has tested positive for the CoronaVirus... NO TRAVEL HISTORY NOR ANY KNOWN CONTACT WITH AN INFECTED PERSON.,2553,china_flu,Victurd09
54,Just when you think you've seen it all...,2547,china_flu,starskeehutch
55,Imam of Peace calls for holding China responsible for the coronavirus pandemic.,2527,china_flu,yarpoo
56,Japanese prime minister orders the closure of ALL schools in the entire country for a Month,2499,china_flu,outrider567
57,Please make sure you and your loved ones are washing your hands PROPERLY.,2471,china_flu,emperish_ed
58,"In response to COVID-19, Japan is going to start paying parents $80 a day to stay home from work and take care of their kids",2470,china_flu,tenders74
59,"CBC, (Canada‚Äôs BBC) calls out China for lying, and WHO for being suspiciously pro China.",2464,china_flu,EastAreaBassist
60,Congressman Matt Gaetz Introduces ‚ÄúNo CHINA Act‚Äù to Prevent Funneling of COVID-19 Relief Funds to Businesses Owned by Chinese Government,2460,china_flu,abscbnnotforsale
61,"It is not a hospital, it is how a bank look like in Iran now",2448,china_flu,percity
62,"Taiwan the real unsung hero. Three weeks before China issued its first public warning on the Wuhan coronavirus outbreak, Taiwan began instituting containment measures. Indeed, it alerted WHO on Dec. 31 that the virus was being transmitted between humans‚Äîa warning WHO chose to ignore.",2435,china_flu,maravvan
63,"Leaked recording calls into question China's official numbers: ""Our ER has been turned into a morgue. Crematory too busy to handle bodies. I now what the gov says are lies. Entire Wuhan only given 2000 test kits per day. Many patients turned away without being tested.""",2425,china_flu,lebbe
64,Opinion: Most people won't take Covid-19 seriously until someone they know or someone 'famous' dies from it.,2411,china_flu,germanbini
65,The worst part about the US getting confirmed cases/first death is this sub is now 90% US-centric topics that add nothing.,2403,china_flu,planchetflaw
66,"Taiwan Is Exporting Its Coronavirus Successes to the World. Despite being shut out of WHO, Taiwan has largely succeeded in containing the coronavirus. Even as it faces a second wave of infections, it is helping other countries‚Äîand bolstering its soft power in the process.",2402,china_flu,SeventhConstellation
67,We only found out about the cases in Seattle because local labs defied CDC and tested themselves.,2389,china_flu,unknownpoltroon
68,My boss told me if I wear my full face respirator to work tomorrow not to come in.,2364,china_flu,bannanainabucket
69,"NEW: CNN says it will now refer to coronavirus as a pandemic: ""[It] clearly meets the definition, so CNN will start using that term. It is a pandemic""",2348,china_flu,tool101
70,"Taiwan to shrug off Covid-19 and keep original Wuhan name, as repeated name changes would create more confusion to public",2347,china_flu,dookie83
71,"South Korea has reported 51 new cases of coronavirus in 24 hours. Yesterday the total was 31, today it's 82",2295,china_flu,knabbb
72,"(Mayor de Blasio) We wish them a speedy recovery. But, with all due respect, an entire NBA team should NOT get tested for COVID-19 while there are critically ill patients waiting to be tested. Tests should not be for the wealthy, but for the sick.",2276,china_flu,ThomasEpley
73,Taiwan produces evidence it warned WHO of coronavirus in December,2260,china_flu,SeventhConstellation
74,"‚ÄúThe whole country is in quarantine. You should only go out when strictly necessary.‚Äù Meanwhile today, any small cafe in Northern Italy.....",2259,china_flu,Otachilovesapples
75,"""My Mom Passed Away in an Isolated Ward in Wuhan."" A retelling of a Wuhan resident so powerful it made me cry in the gym, have to take a shot and translate it.",2254,china_flu,chinadeek
76,"Italian epidemiologist Pasini: ""China told WHO about the outbreak too late, at least 1 month and half after the first cases, so it spread already all over the world as well in Italy before travel bans were made. As China told too late, travel bans also unfortunately happened too late""",2208,china_flu,seoulsnowflake
77,"When this is all over, expect to hear this line A LOT...",2181,china_flu,Musophobia
78,Fauci: It's mind-boggling that China's wet markets are still operating during coronavirus pandemic,2158,china_flu,SeventhConstellation
79,"""A person who wears a mask isn‚Äôt admitting that they are sick or paranoid: They‚Äôre acknowledging that they are aware of their civic duty regarding public health. "" We need to listen to our Asian friends and stop mask-shaming in western countries",2135,china_flu,queerbi
80,"He Traveled to Wuhan to Report on Coronavirus ‚Äì and Hasn't Been Heard From Since: Chen Quishi, a 34-year-old former lawyer, disappeared in February after documenting the Coronavirus crisis in Wuhan, China.",2123,china_flu,johnruby
81,"Today, my wife thanked me for being obsessed with coronavirus!",2120,china_flu,10111011110101
82,Universal mask-wearing is the most overlooked COVID-19 lifesaver. Western countries are experiencing higher rates of COVID-19 infections compared to Asian countries because of the West's aversion to wearing masks.,2113,china_flu,SeventhConstellation
83,Me chilling at home,2111,china_flu,thesmokecameout
84,Japan set to pay its manufacturers to leave China,2104,china_flu,Adorable-Tie
85,"Shocked about people saying ""It's just a flu that kills elders and people that are pretty much done anyway"" Don't you have a family?",2102,china_flu,commodore1337
86,I Just Told a Family Member They Can't Stay Here,2080,china_flu,lesthrowawayacct
87,"POTUS says WHO is China-centric, 'really blew it' on coronavirus",2074,china_flu,SeventhConstellation
88,"Amazon: Allow Users to Filter by Made in USA, and Require Country of Origin [x-post from /r/avoidchineseproducts]",2054,china_flu,__prison__mike__
89,How Turkey managed not to have COVID-19 cases. Lessons from successful management.,2038,china_flu,tyuiopasd
90,"A friend of mine is living in Wuhan, she told me about her situation",2022,china_flu,whenthewindupbird
91,Petition calling for WHO boss Tedros to resign nears 1M signatures,2007,china_flu,RedditTry12
92,USA halts funding for the WHO,1994,china_flu,tempurastyle
93,Blame China: Beijing is successfully avoiding culpability for its role in spreading the coronavirus: Opinion,1987,china_flu,johnruby
94,This press conference is an insult to anyone with half a brain. How can they repreatedly say things are under control when they haven‚Äôt tested anyone? We don‚Äôt have working tests??,1978,china_flu,barbieonspeed
95,One of my family members has been confirmed to have the virus and i believe I have it,1962,china_flu,DiscombobulatedRich6
96,Seems like there was more urgency to ban flavored Juul pods than there has been to prepare for coronavirus In America,1960,china_flu,tenders74
97,Microbiologist Yuen Kwok-yung says mainlanders must stop eating wild animals and must not blame others for the Wuhan coronavirus. He warns of a Sars 3.0 if Chinese don't stop eating wild animals.,1948,china_flu,ccwcc
98,Italy donated equipment to China; now China wants Italy to buy it back,1939,china_flu,harddisc
99,"""Just the Flu, Bro"" 1919 Edition",1910,china_flu,Yuli-Ban
0,"Gino Fasoli was 73 years old. He was italian and he was a family doctor and an emergency room manager. In Africa they even kidnapped him to cure the sick. Then he retired. Days ago he received a phone call: ""Can you help us out?"".He came back. He was infected by Covid-19. He died like a true hero.",110424,coronavirus,Franky_95
1,"Even if COVID-19 is unavoidable, delaying infections can flatten the peak number of illnesses to within hospital capacity and significantly reduce deaths.",103170,coronavirus,finchdad
2,All 11 Coronavirus patients in Greenland have now recovered. It is now the only affected country/territory with no active cases.,101063,coronavirus,mich4725
3,How to stop a virus from spreading,98495,coronavirus,gluuey
4,Mark Cuban says bailed out companies should never be allowed to buy back their stocks ever again,93844,coronavirus,SingularityWalker
5,"An Italian hospital ran out of ICU valves. A local biz brought a 3D printer to the hospital, redesigned & produced the valves in a few hours. ‚ÄúAt the time of writing, 10 patients are accompanied in breathing by a machine that uses a 3D printed valve.‚Äù",92160,coronavirus,ssldvr
6,"Kentucky church fills Easter service to near capacity, while cops wait in parking lot with 14-day quarantines for all.",88503,coronavirus,Frocharocha
7,Let‚Äôs be clear. Again. The virus does not spread. You spread it. Stay at home. Hospitals are not the solution. They are the war zone. Only you can defeat this disease. Stay at home. This is not flu. There is no cure. Stay at home. People are dying. Stay at home.,87695,coronavirus,ihazone
8,"101 year old man, born during the Spanish flu, has beaten Covid-19 in Italy",84709,coronavirus,adude00
9,Starbucks Employees Are Begging the Company to Shut Down Stores Because of Coronavirus: ‚ÄòCoffee Is Not Essential‚Äô,84547,coronavirus,Gonzo_B
10,"White House advisor Dr. Fauci works 20-hour days and his wife reminds him to eat, sleep and drink water",83743,coronavirus,waffle-fil-a
11,"I‚Äôm Bill Gates, co-chair of the Bill & Melinda Gates Foundation. AMA about COVID-19.",81480,coronavirus,thisisbillgates
12,Woman who purposefully coughed on $35K worth of grocery store food charged with four felonies,81444,coronavirus,francescobarra
13,Arrest warrant issued for Tampa megachurch pastor for 'violating public health' orders with packed Sunday service,81236,coronavirus,chirex
14,Bill Gates says the US missed its chance to avoid coronavirus shutdown and businesses should stay closed,79682,coronavirus,UteForLife
15,Richard Burr sued for dumping stocks ahead of coronavirus panic,79247,coronavirus,blacked_lover
16,"For the first time in US history, every state is under a disaster declaration simultaneously",78105,coronavirus,into_the_space
17,Data shows Amazon raised prices during pandemic alongside sellers accused of price gouging,77927,coronavirus,WonderTwinkles
18,Hackers leak thousands of coronavirus research papers which were hidden behind paywalls,77809,coronavirus,Barknuckle
19,Virginia pastor who defiantly held church service dies of coronavirus,77798,coronavirus,Canuknucklehead
20,Mark Cuban says how companies treat workers during pandemic could define brand ‚Äòfor decades‚Äô,75063,coronavirus,bobby_triple
21,I'd like to take a moment to thank all of the grocery store employees for remaining strong during these times of uncertainty. Many of us underappreciated and underacknowledge the sacrifice that these individuals are taking every day to ensure the health and safty of the American people.,71872,coronavirus,TerryMcSLim
22,"Mitt Romney: Every American adult should immediately receive $1,000 to help ensure families and workers can meet their short-term obligations and increase spending in the economy.",71831,coronavirus,WickedSensitiveCrew
23,"Facebook Will Remove Content Organizing Protests Against Stay-at-Home Orders, Zuckerberg Says",71131,coronavirus,Balls_of_Adamanthium
24,Missouri Walmart Coronavirus Licker Charged With 'Terrorist Threat',70619,coronavirus,BlaccMike
25,"Fr. Giuseppe Berardelli, has died from the coronavirus. He refused a ventilator, saying it should rather be given to someone younger than him. He was 72 years old, from Bergamo.",69882,coronavirus,qi1
26,"Italy: Surgeon, anesthesiologist and nurse have risked being infected by a man, he has tested positive for coronavirus. He hid his symptoms, fearing that the rhinoplasty would be postponed. He's now risks 12 years in prison for an aggravated epidemic",68839,coronavirus,Smilefriend
27,"As expected, Pornhub offers free Premium access to all Italian residents and donates all of March profits.",68462,coronavirus,madebyafan3
28,"Columbia Sportswear employees to receive regular pay as CEO cuts own salary to $10,000",67533,coronavirus,NotsoPG
29,"South Korea was doing a fantastic job of controlling #COVID„Éº19 for the first 30 patients. Then #Patient31 came along, did not adhere to social distancing and caused 2 clusters that were responsible for 80% of South Korea's infections. Don't be #Patient31.",67361,coronavirus,abdouh15
30,Just a reminder that during the Ebola crisis Dr. Fauci suited up personally to take care of an infected patient.,66904,coronavirus,geENTics
31,"Elon Musk: We have extra FDA-approved ventilators. Will ship to hospitals worldwide within Tesla delivery regions. Device & shipping cost are free. Only requirement is that the vents are needed immediately for patients, not stored in a warehouse. Please me or @Tesla know.",64714,coronavirus,DragonGod2718
32,Good News: German company Bosch produces 95% accurate test with testing time under 2.5 hours and no laboratory required,64207,coronavirus,jaspxar
33,"Governor Cuomo: ‚ÄúI hope NY doesn‚Äôt ultimately need 30,000 ventilators. But I don't operate on opinion and hope. I operate on facts and data and science. All the projections say we will need 30,000-40,000 ventilators. So that is what we will strive to have.‚Äù",64082,coronavirus,jigsawmap
34,"In Northern Italy, 60 volunteers who thought they'd never suffered COVID-19 gave blood. 40 of them tested positive for antibodies to the virus.",63587,coronavirus,faab64
35,"Fewer than half of Americans believe their daily routine will return to normal by June, as fears over coronavirus rise",62993,coronavirus,swingadmin
36,"Vice News Producer on returning to the US through JFK Airport from Italy after reporting on Coronavirus' outbreak epicenter - ""I walked right through US customs. They didn‚Äôt ask me where in Italy I went or if I came into contact with sick people. They didn‚Äôt ask me anything.""",62888,coronavirus,One_Curious_Jay
37,Two-thirds of Americans worry states will lift restrictions on public activity too quickly: poll,62567,coronavirus,WorkTomorrow
38,Anger is growing at China over COVID-19 and its apparent cover-up attempt,62351,coronavirus,MoreLimesLessScurvy
39,Bill Gates calls for nationwide shutdown: 'Shutdown anywhere means shutdown everywhere',62263,coronavirus,Fr1sk3r
40,The Latest: Fauci says reopening too quickly will backfire,61413,coronavirus,hash0t0
41,Coronavirus: Rudy Giuliani has Twitter account temporarily blocked for spreading 'COVID-19 misinformation',61054,coronavirus,MomwithSPDson
42,"3M on Twitter: 500,000 respirators on the way to New York and Seattle, arriving starting tomorrow.",60711,coronavirus,Super_Crash_Bug
43,Texas judge rules all registered voters can vote by mail if they fear catching coronavirus,60615,coronavirus,milkprogrammer
44,"[Massengill] A school Superintendent said something profound in his address cancelling school for the next 3 weeks. ‚ÄúIn the end, it will be impossible to know if we overreacted or did too much, but it will be QUITE apparent if we under reacted or did too little.‚Äù Hear those words my friends.",59619,coronavirus,twistedlogicx
45,Dr Drew Uses Copyright Claim to Takedown Supercut of Him Downplaying COVID-19,59207,coronavirus,andhelostthem
46,"Danish Store Ends Hand Sanitizer Shortage Due to Hoarding by Introducing Tiered Pricing: First Bottle $4, Second Bottle $95.",58322,coronavirus,greentiger68
47,"In 1918, there was an anti-mask league in San Francisco, which objected to wearing masks to prevent the spread of influenza. They held meetings of thousands of maskless people. San Francisco was ultimately was one of the cities that suffered most from the Spanish Influenza pandemic",57731,coronavirus,cosmicprank
48,WHO classifies COVID-19 as a Pandemic. Finally.,57249,coronavirus,jerrpag
49,Poll: 59 percent of voters more concerned about rolling back social distancing too soon than economic fallout,56890,coronavirus,DoremusJessup
50,"YSK of a country-wide event circulating Italian social media right now. Tomorrow at 12:00pm 14/3, Italians from all across the country are going to give a round of applause on their balconies and out of their windows to thank all hospital workers during this time of chaos.",56878,coronavirus,_daath
51,"(Mayor de Blasio) We wish them a speedy recovery. But, with all due respect, an entire NBA team should NOT get tested for COVID-19 while there are critically ill patients waiting to be tested. Tests should not be for the wealthy, but for the sick.",56860,coronavirus,maalbi
52,Georgia's Governor Says He Didn't Know People Could Spread Covid-19 Without Symptoms,56819,coronavirus,Jelegend
53,Costco Is Refusing To Accept Returns For Toilet Paper Which Is Bad News For Panic-Buying Hoarders,56690,coronavirus,xyzabc123ddd
54,Coronavirus Has Now Killed More People in US than 2018-2019 Flu Season,56634,coronavirus,ma582
55,"British Prime Minister, who is suffering from coronavirus, has been admitted to intensive care as his condition has worsened",55256,coronavirus,_daath
56,Fauci: 'I don't understand why' every state hasn't issued stay-at-home orders,55060,coronavirus,dv8silencer
57,"China‚Äôs richest man (Jack Ma) donates 500,000 diagnostic kits and 1 million masks to the USA.",54577,coronavirus,FutureisAsian
58,A 98-year-old patient recovered from coronavirus in China.,54154,coronavirus,BalkanEagles
59,Washington state nonprofit files lawsuit saying Fox News misled viewers about coronavirus,54129,coronavirus,fallingbehind
60,"Los Angeles is closing city parks, beaches and trails, mayor says: ""That doesn‚Äôt mean gather elsewhere. This is serious. Stay home and save lives.""",53788,coronavirus,skuzgang
61,Actor Tom Hanks says he and his wife have tested positive for coronavirus,53689,coronavirus,mythrowawaybabies
62,"I started to collect news articles connected to the virus, and categorize them by date, to see, how did this whole thing evolve. The website is not finished, but you are alredy able to read news from january/february 2020.",53310,coronavirus,chifuzhou
63,Kentucky reports highest coronavirus infection increase after a week of protests to reopen state,53102,coronavirus,Canuknucklehead
64,"Marriott CEO says coronavirus is ‚Äòlike nothing we‚Äôve ever seen,‚Äô cuts his salary to $0",52575,coronavirus,WarOfNoise
65,"China reclassifies dogs as pets, not livestock, in post-virus regulatory push",52047,coronavirus,bjohn876
66,3M asked to stop exporting N95 respirators to Canada and Latam by US government - they have politely and publicly said No,51942,coronavirus,Warrwik
67,"A person who attended a gathering that included the President and Vice President, has tested positive for the new coronavirus, officials said",51878,coronavirus,mythrowawaybabies
68,We Now Know Who Society‚Äôs Essential Workers Are. And They‚Äôre Among The Lowest Paid.,51673,coronavirus,Trooper9520
69,"""Everything we do before a pandemic will seem alarmist. Everything we do after will seem inadequate."" - Michael Leavitt, former HHS Secretary under President George W. Bush",51488,coronavirus,ssldvr
70,"South Korea developed an entire testing infrastructure that gets results in 6 hours and is able to test 20,000 people a day. And they did it in 17 days. All we had to do was copy it.",51085,coronavirus,abdouh15
71,Fauci says it would be 'false statement' to say US has coronavirus under control,51080,coronavirus,Zhana-Aul
72,andlord changes locks on California church after pastor said he'd continue to hold services,49996,coronavirus,hopopo
73,Plague Inc. gives a quarter of a million dollars to fight COVID-19.,49981,coronavirus,Mihai4544
74,"More than 600,000 people sign petition demanding hazard pay for U.S. Postal Service employees",49372,coronavirus,joecam
75,Coronavirus conference cancelled due to coronavirus.,49286,coronavirus,Thom803
76,"All People In Illinois Have Been Ordered To Stay Home To Stop The Coronavirus From Spreading: ""I fully recognize I am choosing between saving people's lives and saving people's livelihoods,"" Gov. J.B. Pritzker said, ""but ultimately you can't have a livelihood if you don't have a life.""",49033,coronavirus,Honest_Dictator
77,"Ukrainian MP claimed ‚Äúthere is no coronavirus‚Äù in his speech, tested positive for COVID-19",48959,coronavirus,birdcore
78,"Price Gouger Unable to Sell 17,700 Bottles of Hand Sanitizer after Amazon Crackdown",48932,coronavirus,spartiswarp
79,Staggering Surge Of NYers Dying In Their Homes Suggests City Is Undercounting Coronavirus Fatalities,48834,coronavirus,coffee_lake_tree
80,#StayTheFuckHome - A Movement to Stop the COVID-19 Pandemic,48818,coronavirus,imitationcheese
81,"PlayStation employees will work from home through April 30 due to coronavirus. Workers will continue to be paid ""regardless of ability to perform remote work"" or not. Sony is also issuing a stipend of $1,000 for purchasing equipment to enhance their ability to work from home",48597,coronavirus,Aileos
82,32 prominent economists from both parties sign letter arguing that saving lives from coronavirus would also save the economy,48587,coronavirus,leocohen99
83,Experts say there cannot be a reopening of the U.S. economy without mass testing,48327,coronavirus,Canuknucklehead
84,USPS drivers bringing mail to areas hardest hit by coronavirus demand hazard pay,47758,coronavirus,Gonzo_B
85,1 in 1000 New York City residents have now died from Coronavirus,47293,coronavirus,dorafins
86,Italy just announced new form of lockdown. All commercial activities besides pharmacies and grocery stores are now closed. The 8th biggest economy is officially paralyzed.,47119,coronavirus,Dark_D17
87,US to halt funding to WHO over coronavirus,47056,coronavirus,zukusenryuuu
88,GameStop closing all stores as of March 22 due to coronavirus,46974,coronavirus,Turbostrider27
89,"Senators urge Jeff Bezos to give Amazon warehouse workers sick leave, hazard pay",46956,coronavirus,wolfsog23
90,Representatives Tim Ryan and Ro Khanna Introduce Legislation to Send Americans Additional Cash Payments ($2000/month),46906,coronavirus,txiao007
91,CDC website no longer reports the number of confirmed cases in each state.,46843,coronavirus,Hafomeng
92,GE workers walk off the job and demand they build ventilators,46804,coronavirus,SycnoPolicz
93,"Sanders proposes giving $2,000 per month to every household amid coronavirus outbreak",46618,coronavirus,CertainTour
94,"In the last 2 weeks, the Coronavirus emergency room in Parma (Italy) had over 50 patients. Today, for the first time since it was set up, the room is empty",46256,coronavirus,Layneeeee
95,Boris Johnson tests positive for COVID-19,45998,coronavirus,DGJaguar
96,Miss England hangs up her crown to return to work as doctor during coronavirus pandemic,45933,coronavirus,allicat83
97,"[Rather] You know who are also heroes? Those working the checkout counters and stocking shelves at supermarkets and pharmacies. Their work, at some risk to their own health, is vital to the health and safety of our country.",45713,coronavirus,twistedlogicx
98,We need an immediate five-week national lockdown to defeat coronavirus in America,45671,coronavirus,brunov
99,Dr. Fauci says he doesn't think Americans should ever shake hands again to prevent spread of coronavirus,45354,coronavirus,hash0t0
0,Number of people with coronavirus infections may be dozens of times higher than the number of confirmed cases,9003,covid19,matakos18
1,At least 11% of tested blood donors in Stockholm had Covid19 antibody as of last week.,7675,covid19,simonsky
2,Ending coronavirus lockdowns will be a dangerous process of trial and error,6688,covid19,Johari82
3,NYC Health: Only 1.8% of deaths in New York City were without an underlying condition,6521,covid19,afieldonearth
4,"Not wearing masks to protect against coronavirus is a ‚Äòbig mistake,‚Äô top Chinese scientist says",6001,covid19,xvs
5,Antibody tests suggest that coronavirus infections vastly exceed official counts,5461,covid19,valleyofdawn
6,"Correcting under-reported COVID-19 case numbers: ""In the case of China, it is estimated that more than 700.000 cases of COVID-19 actually occurred instead of the confirmed 80,932 cases as of 3/13/2020.""",5419,covid19,yarpoo
7,Stanford researchers confirm N95 masks can be sterilized and reused with virtually no loss of filtration efficiency by leaving in oven for 30 mins at 70C / 158F,4837,covid19,crispy88
8,"In a paper from 2007, researches warned re-emergence of SARS-CoV like viruses: ""the culture of eating exotic mammals in southern China, is a time bomb. The possibility of the re-emergence of SARS should not be ignored.""",4538,covid19,coke_queen
9,Evidence that Vitamin D Supplementation Could Reduce Risk of Influenza and COVID-19 Infections and Deaths,3095,covid19,mrdroneman
10,New blood tests for antibodies could show true scale of coronavirus pandemic,2819,covid19,Redfour5
11,The FDA-approved Drug Ivermectin inhibits the replication of SARS-CoV-2 in vitro,2434,covid19,imconfused0711
12,How blood from coronavirus survivors might keep hospitals afloat - New York City researchers hope antibody-rich plasma can keep people out of intensive care.,2241,covid19,Dr-Heuristic
13,'Stealth Transmission' of COVID-19 Demands Widespread Mask Usage,2165,covid19,sc2003
14,CDC recommends cancelling or postponing all public gatherings of 50 or more for the next 8 weeks.,2163,covid19,SpiritWolfie
15,WHO launches global megatrial of the four most promising coronavirus treatments,2114,covid19,Doener23
16,Comorbidities in Italy up to march 20th. Nearly half of deceased had 3+ simultaneous disease,2042,covid19,FrancescoTo
17,The subway seeded the massive coronavirus epidemic in new york city,2032,covid19,shibeouya
18,Greater social distancing could curb COVID-19 in 13 weeks,1984,covid19,Resident_Grapefruit
19,COVID-19: On average only 6% of actual SARS-CoV-2 infections detected worldwide,1893,covid19,konorM
20,Statement: Raoult's Hydroxychloroquine-COVID-19 study did not meet publishing society‚Äôs ‚Äúexpected standard‚Äù,1819,covid19,SubjectAndObject
21,"COVID-19 Outbreak Associated with Air Conditioning in Restaurant, Guangzhou, China",1810,covid19,evened_stevened
22,The Coronavirus Epidemic Curve is Already Flattening in New York City,1706,covid19,mthrndr
23,"Relationship between the ABO Blood Group and the COVID-19 Susceptibility | medRxiv CONCLUSION People with blood group A have a significantly higher risk for acquiring COVID-19 compared with non-A blood groups, whereas blood group O has a significantly lower risk for the infection compared with non",1698,covid19,thonioand
24,"Coronavirus Could Be a 'Chimera' of Two Different Viruses, Genome Analysis Suggests",1694,covid19,yarpoo
25,Data from SARS outbreak showed that mask wearing is one of the significant factors in preventing the spread of the disease.,1681,covid19,mushroooooooooom
26,Reinfection could not occur in SARS-CoV-2 infected rhesus macaques,1663,covid19,Redfour5
27,Loss of smell and taste in combination with other symptoms is a strong predictor of COVID-19 infection,1633,covid19,mjbconsult
28,Two dogs tested positive of SARS-CoV-2. They showed no clinical symptoms,1533,covid19,mushroooooooooom
29,No evidence of clinical efficacy of hydroxychloroquine in patients hospitalized for COVID-19 infection with oxygen requirement: results of a study using routinely collected data to emulate a target trial,1529,covid19,nrps400
30,"Hydroxychloroquine, a less toxic derivative of chloroquine, is effective in inhibiting SARS-CoV-2 infection in vitro (Cell discovery, Nature)",1526,covid19,Kmlevitt
31,"MIT chemists have designed a peptide that can bind to part of the coronavirus spike protein, which they hope may prevent the virus from being able to enter cells.",1499,covid19,positive_X
32,Please consider downloading BOINC or folding@home to use your computers processor to help analyze COVID-19 research.,1459,covid19,__prison__mike__
33,Frontline NYC doctors think COVID19 should be treated like hypoxemia (altitude sickness) and not like ARDS (respiratory disease). This means less use of ventilators.,1446,covid19,shibafku
34,Stability of SARS-CoV-2 in different environmental conditions,1425,covid19,Jono89
35,Early Release - High Contagiousness and Rapid Spread of Severe Acute Respiratory Syndrome - Emerging Infectious Diseases journal - Researchers say they've calculated for the spread of #COVID19 a median R0 value of 5.7.,1370,covid19,fourthandshort
36,Human trails approved for Emory COVID-19 antiviral: EEID-2801,1348,covid19,michoguy
37,"Thanks to a petition, several major publishers have given the public free access to a total of 32,544 COVID-19 articles!",1342,covid19,DNAhelicase
38,High prevalence of obesity in severe acute respiratory syndrome coronavirus‚Äê2 (SARS‚ÄêCoV‚Äê2) requiring invasive mechanical ventilation,1297,covid19,DesignerAttitude98
39,Beware of the second wave of COVID-19,1274,covid19,Johari82
40,13% of infected patients on the Diamond Princess in Japan were asymptomatic,1247,covid19,ZirePhiinix
41,Efficacy of hydroxychloroquine in patients with COVID-19: results of a randomized clinical trial,1240,covid19,nrps400
42,"New update from the Oxford Centre for Evidence-Based Medicine. Based on Iceland's statistics, they estimate an infection fatality ratio between 0.05% and 0.14%.",1240,covid19,mushroomsarefriends
43,"Daily Growth of COVID-19 Cases Has Slowed Nationally over the Past Week, But This Could Be Because the Growth of Testing Has Plummeted - Center for Economic and Policy Research",1234,covid19,failed_evolution
44,"Uni of Ox study shows that a mobile app for digital contact tracing, w/ 60% of population adoption, can change trace delay time from 72hrs to 4hrs ‚Äî which could significantly reduce spread & potentially reduce need for strict lockdown measures.",1226,covid19,p44v9n
45,COVID-19 Death Rates per Country for the Top 20 Countries,1216,covid19,FelanarLovesAlessa
46,Sudden and Complete Olfactory Loss Function as a Possible Symptom of COVID-19,1212,covid19,winterdates
47,The inhaled corticosteroid ciclesonide blocks coronavirus RNA replication by targeting viral NSP15,1207,covid19,xzzz9097
48,New SARS-CoV-2 cases in South Korea continue to fall (3/10/2020),1206,covid19,__prison__mike__
49,British Medical Journal: 4 out of 5 cases of covid19 in China could be asymptomatic,1188,covid19,OleoleCholoSimeone
50,High Temperature and High Humidity Reduce the Transmission of COVID-19,1166,covid19,Gboard2
51,Covid-19: in smokers the risk of ending up in intensive care is more than double (article in Italian),1154,covid19,CorbynSanders
52,"IHME revises projected US deaths *down* to 60,415",1150,covid19,The_Three_Seashells
53,"COVID-19 Antibody Seroprevalence in Santa Clara County, California",1127,covid19,polabud
54,US COVID-19 deaths poorly predicted by IHME model,1121,covid19,nrps400
55,"Since February 19, there are more recoveries from COVID19 than new cases, worldwide!",1112,covid19,klo99
56,"SARS-COV1 ""frequent mask use in public venues, frequent hand washing, and disinfecting the living quarters were significant protective factors (OR 0.36 to 0.58)""",1086,covid19,jpmvan
57,Fujifilm announces the start of a phase III clinical trial of influenza antiviral drug ‚ÄúAvigan Tablet‚Äù on COVID-19 and commits to increasing production,1071,covid19,yupiknowitsreallyme
58,"Forecasting COVID-19 impact on hospital bed-days, ICU-days, ventilator days and deaths by US state in the next 4 months",1070,covid19,merpderpmerp
59,Blood Samples of 7 Severely Ill COVID-19 Patients Indicate Leronlimab Has Reduced the Cytokine Storm in All Patients,1066,covid19,SparePlatypus
60,G√∂ttingen University: Average detection rate of SARS-CoV-2 infections is estimated around six percent,1053,covid19,thisaboveall
61,Some SARS-CoV-2 populations in Singapore tentatively begin to show the same kinds of deletion that reduced the fitness of SARS-CoV and MERS-CoV,1045,covid19,SpookyKid94
62,SARS-CoV-2 is not detectable in the vaginal fluid of women with severe COVID-19 infection | Clinical Infectious Diseases,1005,covid19,Ra75b
63,Virus-activated ‚Äúcytokine storm syndrome‚Äù may be responsible for high death rate. This would explain why mild immune suppressors like Hydroxychloroquine seem to have a positive treatment effect. Comments?,1002,covid19,Cal_lop_an
64,Influenza antiviral Avigan¬Æ (favipiravir) to enter Phase III trials in COVID-19 patients,993,covid19,genericdude999
65,"Why we need at least 500,000 tests per day to open the economy ‚Äî and stay open",990,covid19,Tommy__Douglas
66,"Evidence that higher temperatures are associated with lower incidence of COVID-19 in pandemic state, cumulative cases reported up to March 27, 2020",939,covid19,Routyroute
67,Herd immunity - estimating the level required to halt the COVID-19 epidemics in affected countries.,937,covid19,DesignerAttitude98
68,Covid-19 Does Not Lead to a ‚ÄúTypical‚Äù Acute Respiratory Distress Syndrome,929,covid19,mobo392
69,The FDA approves a coronavirus test that can give results in 5 minutes,915,covid19,positive_X
70,Outbreak of COVID-19 in Germany Resulting from a Single Travel-Associated Primary Case,888,covid19,Yoshi-
71,No evidence of clinical efficacy of hydroxychloroquine in patients hospitalised for COVID-19 infection and requiring oxygen: results of a study using routinely collected data to emulate a target trial,875,covid19,thonioand
72,"In a Phase III study, German researchers want to investigate whether the vaccine candidate VPM1002, originally developed against tuberculosis, is also effective against an infection with SARS-CoV-2.",874,covid19,grrrfld
73,Testing pooled samples for COVID-19 helps Stanford researchers track early viral spread in Bay Area. Pooling patient samples for COVID-19 testing helped Stanford researchers track the early spread of the virus in the Bay Area. They found few positive cases prior to the last week of February.,861,covid19,notafakeaccounnt
74,FDA approves the emergency use of chloroquine phosphate and hydroxychloroquine sulfate for treatment of COVID-19,856,covid19,SunnyJapan
75,"The United States may reach ‚â•25,000 cases by March 31st.",849,covid19,Adlestrop
76,Substantial undocumented infection facilitates the rapid dissemination of novel coronavirus,848,covid19,18thbromaire
77,Surgical Masks May Provide Significant Aerosol Protection (2007),841,covid19,clumma
78,Johnson & Johnson Announces a Lead Vaccine Candidate for COVID-19; Landmark New Partnership with U.S. Department of Health & Human Services; and Commitment to Supply One Billion Vaccines Worldwide for Emergency Pandemic Use | Johnson & Johnson,834,covid19,thonioand
79,The Untold Toll ‚Äî The Pandemic‚Äôs Effects on Patients without Covid-19 | NEJM,830,covid19,oldbkenobi
80,"‚ÄúWe were able to ascertain that patients who had not received Plaquenil (the drug containing hydroxychloroquine) were still contagious after six days, but of those that had received Plaquenil, after six days, only 25% were still contagious.‚Äù",806,covid19,healynr
81,"Safety of hydroxychloroquine, alone and in combination with azithromycin, in light of rapid wide-spread use for COVID-19: a multinational, network cohort and self-controlled case series study",806,covid19,nrps400
82,White House Science Advisor and Global Government Science Leaders call for publishers to make all COVID-19-Related Research publically available for both humans and A.I.,796,covid19,shrine
83,The SARS-CoV-2 receptor-binding domain elicits a potent neutralizing response without antibody-dependent enhancement,786,covid19,TruthfulDolphin
84,Can I just thank the moderators and contributors of this sub,760,covid19,yahyeetyah420
85,No deaths reported in Coronavirus patients under 9 years old. Death rate is 0.2% in patients under 39 years old. Largest study to date (sample size 70k+),755,covid19,pooheygirl
86,Unprecedented nationwide blood studies seek to track U.S. coronavirus spread,748,covid19,frequenttimetraveler
87,Please help us build an open database of COVID-19 cases with chest X-ray or CT images! So we can develop free tools!,739,covid19,ieee8023
88,Pulmonary and Cardiac Pathology in Covid-19: The First Autopsy Series from New Orleans,739,covid19,99tri99
89,Major update to IMHE / White House Task Force projections model released this morning,735,covid19,mrandish
90,Hydroxychloroquine and azithromycin as a treatment of COVID-19: results of an open-label non-randomized clinical trial,730,covid19,Kelemandzaro
91,"Concerns with that Stanford study of coronavirus prevalence [Andrew Gelman, Columbia University]",709,covid19,pastelsonly
92,Mount Sinai Study Finds First Cases of COVID-19 in New York City are Primarily from European and US Sources,704,covid19,mrandish
93,"By far the most detailed and useful COVID19 graphing tools I have come across. Displays merged data from Johns Hopkins, WHO, Worldometer and other official sources.",688,covid19,pillowfort
94,Bosch develops rapid test for COVID-19,687,covid19,Doener23
95,Mass masking in the COVID-19 epidemic: people need guidance,687,covid19,TenYearsTenDays
96,Remdesivir is a direct-acting antiviral that inhibits RNA-dependent RNA polymerase from severe acute respiratory syndrome coronavirus 2 with high potency,683,covid19,LoopForward
97,"In 2017, the CDC already knew there were evidences that healthy people wearing masks may prevent from getting infection",670,covid19,mushroooooooooom
98,Professional and Home-Made Face Masks Reduce Exposure to Respiratory Infections Among the General Population,668,covid19,jpmvan
99,The FDA-approved gold drug Auranofin inhibits novel coronavirus (SARS-COV-2) replication and attenuates inflammation in human cells,664,covid19,ottokane
