0,ihazone
1,Ashes0fTheWake
2,Reddit_guard
3,BalkanEagles
4,UteForLife
5,srvnmdomdotnet
6,pipsdontsqueak
7,Aileos
8,goddessofthebitches
9,dannylenwinn
10,Captain-Blitzed
11,germanbini
12,Warrwik
13,LoopForward
14,TrixyUkulele
15,BlaccMike
16,thefudgeishot
17,Hafomeng
18,5QxjKb7SI2j1d9Zs3jcs
19,Victurd09
20,49Gold
21,monparan
22,greentiger68
23,coke_queen
24,maalbi
25,MomwithSPDson
26,Twoweekswithpay
27,2345dhuiK
28,valleyofdawn
29,positive_X
30,Captainstinkytits
31,CherryBlackEyes
32,dv8silencer
33,Trooper9520
34,Barknuckle
35,NoBreaks2016
36,Kmlevitt
37,lifeandmylens
38,Layneeeee
39,haolei
40,mepper
41,undeadslime
42,Scyllarious
43,wehosh
44,pink_paper_heart
45,atomicspace
46,pooheygirl
47,Cal_lop_an
48,matakos18
49,Ctown_struggles00
50,Rockithammer
51,Kindred87
52,Glad-Software
53,notyouravgredditer
54,dtlv5813
55,Reddit_Is_CCP_Owned
56,merpderpmerp
57,Smileitsolga
58,rkstrr
59,CertainTour
60,DiscombobulatedRich6
61,Yoshi-
62,gsmithza
63,AppleberryJames
64,joecam
65,queerbi
66,Hawkey89
67,yarpoo
68,CaptainSkull2030
69,Honest_Dictator
70,FelanarLovesAlessa
71,xLonzox
72,hash0t0
73,MoreLimesLessScurvy
74,undeadwater
75,thisaboveall
76,andhelostthem
77,CgmatterTutorials
78,ma582
79,RedditF1shBlueF1sh
80,superegz
81,NotsoPG
82,unnamed887
83,wwwiphala
84,crispy88
85,polopiko
86,Jono89
87,Canuknucklehead
88,mchamst3r
89,Routyroute
90,alwinky12
91,yahyeetyah420
92,Yuli-Ban
93,lebbe
94,SetMau92
95,DragonGod2718
96,Gonzo_B
97,jaspxar
98,Thom803
99,cltdawg08
100,resnica
101,Mamacrass
102,p44v9n
103,notafakeaccounnt
104,WyldBlu
105,seanmashitoshi
106,Thruster666
107,n1ght_w1ng08
108,TheRealDeex
109,lastorder90
110,shibafku
111,Tickdickler888
112,chifuzhou
113,Nothing_But_Despair
114,CoronaIsBad
115,helpfuldare
116,WorkTomorrow
117,Frocharocha
118,Tiggles_The_Tiger
119,sleepyfries
120,Super_Crash_Bug
121,bjohn876
122,SpiritWolfie
123,finallygotafemale
124,Turbostrider27
125,mythrowawaybabies
126,billthomson
127,bannanainabucket
128,winniejinping
129,Nawaao
130,ZirePhiinix
131,DoremusJessup
132,formeraide
133,XVll-L
134,OnePlinko
135,ohnoh18
136,Fr1sk3r
137,EastAreaBassist
138,JLGoodwin1990
139,garydawson009
140,Adlestrop
141,westondeboer
142,filosoful
143,Nunyabeezkneez
144,Nihilist911
145,12466350
146,KinnerNevada
147,Zuom
148,Abscess2
149,vv4life
150,altariasong
151,SparePlatypus
152,Potential-Effort
153,BannerBearer
154,paul1032xx
155,whenthewindupbird
156,TenYearsTenDays
157,chitters2004
158,redditor01020
159,madman320
160,notpreposterous
161,johnruby
162,C3R3B3
163,Adorable-Tie
164,saurabh24_
165,fbreaker
166,SingularityWalker
167,qi1
168,faab64
169,SycnoPolicz
170,marji80
171,JeopardyGreen
172,lifeisasongyouknow
173,vannybros
174,kskelts
175,23rdJune2169
176,t0pt0p
177,chirex
178,DeWallenVanWimKok
179,spartiswarp
180,Glass_Force
181,Person21323231213242
182,zwhyel
183,geENTics
184,noahsurvived
185,CrankyBear
186,rspix000
187,healynr
188,swingadmin
189,mostrandomguy
190,Ketcchup
191,madebyafan3
192,mushroomsarefriends
193,imitationcheese
194,aleeea
195,lemonkid12345
196,shrine
197,Thinkingonsleeping
198,TheNewArab
199,The-Brontosaurus
200,a_real_live_alien
201,LisaMck041
202,ForceFedPorkPies
203,GayDarknessSpirit
204,leocohen99
205,finchdad
206,popashotbruv
207,yupiknowitsreallyme
208,cowbell_solo
209,staplehill
210,Danzpie
211,atlantacharlie
212,RedditTry12
213,adotmatrix
214,futuredude
215,GlobalTravelR
216,TerryMcSLim
217,hilltopye
218,Ronaldoi
219,anbeck
220,outrider567
221,wewewawa
222,michoguy
223,mushroooooooooom
224,luxamorra
225,coolbern
226,wilmots1
227,koolman631
228,jblackmiser
229,IcyPresence96
230,ratpaz312
231,dontovercommit
232,oldbkenobi
233,ssldvr
234,Fuzier
235,konorM
236,klo99
237,PizzaFrost_751
238,FortuitousAdroit
239,Mcnst
240,icedpickles
241,cosmicprank
242,MinnesotaConnections
243,Zhana-Aul
244,One_Curious_Jay
245,xzzz9097
246,redditkingboi
247,Looddak
248,DonneyZ
249,jcepiano
250,TruthfulDolphin
251,tenders74
252,WarOfNoise
253,Maulvorn
254,iamrelivenow
255,coffee_lake_tree
256,OldFashionedJizz
257,system_exposure
258,ottokane
259,leonerdo_
260,CantStopPoppin
261,twistedlogicx
262,Russi2020
263,mrniceboiz
264,dorafins
265,cc_hk
266,xyzabc123ddd
267,ccwcc
268,HeftyArt4
269,thisisbillgates
270,iamtheone2295
271,Minneapolitanian
272,Finelinez
273,ieee8023
274,Musophobia
275,_daath
276,therightnews
277,jpmvan
278,Smilefriend
279,WickedSensitiveCrew
280,pastelsonly
281,Balls_of_Adamanthium
282,IReadTheWholeArticle
283,guanaco55
284,aminmaxed
285,SunnyJapan
286,-ZeuS--
287,sk77s
288,OkQuantity7
289,maravvan
290,dingo8yobb
291,manmeet10
292,dookie83
293,AudibleNod
294,COrNotToC
295,Anthonybrose
296,FrancescoTo
297,SpookyKid94
298,MassholeMikes
299,tedandlisa123
300,__prison__mike__
301,ReinhardBurken
302,moby323
303,rishcast
304,Gboard2
305,diogenesjunior
306,bradipaurbana
307,MaleficentRespect3
308,DrBoomkin
309,evened_stevened
310,HugeDetective0
311,sc2003
312,chronicking83
313,mjbconsult
314,bluestblue
315,lopezjessy
316,hundredfooter
317,genericdude999
318,10111011110101
319,The_Three_Seashells
320,alwaysonstage
321,barbieonspeed
322,ThomasEpley
323,seoulsnowflake
324,Fitz_cuniculus
325,DesignerAttitude98
326,mich4725
327,hopopo
328,JLBesq1981
329,Ouch_that_smarts
330,alyahudi
331,hildebrand_rarity
332,tempurastyle
333,tsavs
334,OleoleCholoSimeone
335,emperish_ed
336,allicat83
337,CruiseChallenge
338,Franky_95
339,DNAhelicase
340,Exastiken
341,-AMARYANA-
342,CoolFig
343,pandemicjobseeker
344,abidhussain11
345,afieldonearth
346,tool101
347,DGJaguar
348,Plus-Staff
349,Dr-Heuristic
350,thesmokecameout
351,Doener23
352,rit56
353,tyuiopasd
354,imconfused0711
355,geoxol
356,SubjectAndObject
357,adude00
358,johntempleton
359,irish_fellow_nyc
360,naanoso
361,fallingbehind
362,CharlieXBravo
363,mrandish
364,bobbyw24
365,stackofblin
366,seraymenramos
367,Robert-Kenneth508
368,Ra75b
369,zukusenryuuu
370,amwren
371,starskeehutch
372,Jelegend
373,stupidstupidreddit2
374,Mihai4544
375,COYIWHU
376,AltruisticTable9
377,mynameisalex1
378,ploflo
379,Kack-a-lack
380,Gambit08
381,Kubrick_Fan
382,dunphish64
383,lolo_916
384,shallah
385,princey12
386,whereshegoes
387,iyoiiiu
388,skuzgang
389,jerrpag
390,Rabus
391,Molire
392,Normiesreeee69
393,annoy-nymous
394,blacked_lover
395,Alan_Krumwiede
396,SantiGir20
397,nclobo
398,koavf
399,Iarguewithretards
400,masifrank
401,simonsky
402,Yamagemazaki
403,Basicalibysharier
404,My_Dog_Rolls_In_Poo
405,adlerchen
406,Underachlever
407,KissMyBBQ
408,percity
409,gluuey
410,Hououjin21
411,Scbadiver
412,Johari82
413,JRStod
414,waqararif
415,commodore1337
416,bobby_triple
417,johntwit
418,AmericanBornChink
419,alexa_abella
420,Gamepwn
421,bookshearer
422,into_the_space
423,lexinshanghai
424,le_br1t
425,winterdates
426,clumma
427,wolfsog23
428,wonderwah
429,mobo392
430,thinkB4WeSpeak
431,Dark_D17
432,fernandezq
433,pillowfort
434,Tommy__Douglas
435,WonderTwinkles
436,birdcore
437,fourthandshort
438,aaf97
439,ClownsToTheRightOfMe
440,Sarbat_Khalsa
441,francescobarra
442,AhavaKhatool
443,polabud
444,2PLooM
445,Jakten2
446,chingchongcheng84
447,newnemo
448,researchmind
449,Redfour5
450,Temstar
451,18thbromaire
452,txiao007
453,Slats7
454,MistWeaver80
455,brunov
456,christianreeve93
457,timmassam
458,grrrfld
459,Empress_of_mars
460,mrdroneman
461,Sleegan
462,speckz
463,OwnRules
464,xvs
465,Otachilovesapples
466,chinadeek
467,Jonny43
468,lesthrowawayacct
469,Infjuk
470,failed_evolution
471,harddisc
472,mthrndr
473,waffle-fil-a
474,CorbynSanders
475,SeventhConstellation
476,thatredgirl19
477,FutureisAsian
478,planchetflaw
479,TheGamerDanYT
480,kogeliz
481,Resident_Grapefruit
482,magikalderbyshire60
483,Kelemandzaro
484,prof_sandwich_maker
485,behrkon
486,factfind
487,abscbnnotforsale
488,nrps400
489,Pineapple__Jews
490,milkprogrammer
491,jigsawmap
492,Viewfromthe31stfloor
493,chiaconan
494,DatGunBoi
495,MortWellian
496,Saint_eX
497,frequenttimetraveler
498,knabbb
499,Kuominwave
500,Tayvan16
501,Pak_Revenue
502,shibeouya
503,PM_me_Henrika
504,99tri99
505,GlobalCitizen12345
506,zsreport
507,abdouh15
508,Morihando
509,unknownpoltroon
510,thonioand
511,interestingfactoid
