id;subreddit;subscribers
1;/r/announcements;58,527,465
2;/r/funny;30,761,640
3;/r/AskReddit;28,120,392
4;/r/gaming;26,426,166
5;/r/aww;24,979,320
6;/r/pics;24,748,685
7;/r/science;24,119,489
8;/r/worldnews;24,099,811
9;/r/Music;23,837,187
10;/r/videos;22,975,543
11;/r/movies;22,966,158
12;/r/todayilearned;22,880,938
13;/r/news;20,751,468
14;/r/Showerthoughts;20,124,635
15;/r/IAmA;20,100,109
16;/r/gifs;19,962,515
17;/r/EarthPorn;19,855,929
18;/r/askscience;19,127,445
19;/r/food;18,705,345
20;/r/Jokes;18,466,558
21;/r/explainlikeimfive;18,051,701
22;/r/books;17,989,834
23;/r/LifeProTips;17,867,555
24;/r/blog;17,706,532
25;/r/Art;17,706,383
26;/r/mildlyinteresting;17,544,053
27;/r/DIY;17,463,467
28;/r/sports;17,186,779
29;/r/nottheonion;16,948,385
30;/r/space;16,846,377
31;/r/gadgets;16,797,312
32;/r/television;16,594,842
33;/r/Documentaries;16,205,444
34;/r/photoshopbattles;16,142,704
35;/r/GetMotivated;16,074,249
36;/r/listentothis;15,867,794
37;/r/UpliftingNews;15,849,632
38;/r/tifu;15,653,846
39;/r/InternetIsBeautiful;14,949,029
40;/r/history;14,820,723
41;/r/philosophy;14,750,697
42;/r/Futurology;14,620,234
43;/r/OldSchoolCool;14,567,820
44;/r/dataisbeautiful;14,546,002
45;/r/WritingPrompts;14,484,866
46;/r/personalfinance;14,171,633
47;/r/nosleep;14,041,797
48;/r/creepy;13,580,659
49;/r/TwoXChromosomes;12,736,580
50;/r/memes;10,410,676
51;/r/technology;8,994,301
52;/r/AdviceAnimals;8,648,905
53;/r/Fitness;7,729,651
54;/r/wholesomememes;7,096,497
55;/r/WTF;6,210,067
56;/r/politics;6,130,582
57;/r/interestingasfuck;5,688,049
58;/r/bestof;5,293,315
59;/r/BlackPeopleTwitter;4,637,209
60;/r/oddlysatisfying;4,479,174
61;/r/travel;4,405,417
62;/r/leagueoflegends;4,135,514
63;/r/facepalm;3,974,792
64;/r/lifehacks;3,909,373
65;/r/me_irl;3,883,837
66;/r/NatureIsFuckingLit;3,738,062
67;/r/dankmemes;3,681,692
68;/r/pcmasterrace;3,671,219
69;/r/Tinder;3,593,563
70;/r/Whatcouldgowrong;3,510,498
71;/r/nba;3,288,538
72;/r/PS4;3,246,869
73;/r/Minecraft;3,246,047
74;/r/AnimalsBeingBros;3,231,144
75;/r/trippinthroughtime;3,224,555
76;/r/BikiniBottomTwitter;3,213,670
77;/r/relationship_advice;3,168,276
78;/r/woahdude;3,158,789
79;/r/tattoos;3,141,472
80;/r/AnimalsBeingJerks;3,121,617
81;/r/reactiongifs;3,018,869
82;/r/FoodPorn;2,985,495
83;/r/Overwatch;2,958,687
84;/r/relationships;2,879,831
85;/r/Unexpected;2,866,054
86;/r/PewdiepieSubmissions;2,856,565
87;/r/photography;2,813,836
88;/r/gonewild;2,720,951
89;/r/boardgames;2,703,114
90;/r/dadjokes;2,678,976
91;/r/gardening;2,660,575
92;/r/programming;2,635,055
93;/r/instant_regret;2,632,124
94;/r/atheism;2,585,454
95;/r/mildlyinfuriating;2,544,414
96;/r/pokemon;2,489,362
97;/r/pokemongo;2,482,015
98;/r/gameofthrones;2,424,744
99;/r/AnimalsBeingDerps;2,420,339
100;/r/europe;2,390,359
101;/r/Damnthatsinteresting;2,365,984
102;/r/WatchPeopleDieInside;2,359,028
103;/r/ContagiousLaughter;2,348,164
104;/r/Games;2,338,018
105;/r/iphone;2,333,376
106;/r/nextfuckinglevel;2,320,098
107;/r/buildapc;2,312,761
108;/r/malefashionadvice;2,309,325
109;/r/drawing;2,290,412
110;/r/humor;2,281,014
111;/r/itookapicture;2,269,004
112;/r/PublicFreakout;2,277,192
113;/r/rarepuppers;2,263,132
114;/r/YouShouldKnow;2,259,283
115;/r/nonononoyes;2,251,584
116;/r/Android;2,236,935
117;/r/loseit;2,227,540
118;/r/Parenting;2,219,394
119;/r/BetterEveryLoop;2,173,437
120;/r/GifRecipes;2,161,476
121;/r/CrappyDesign;2,129,219
122;/r/Coronavirus;2,108,337
123;/r/Wellthatsucks;2,106,973
124;/r/slowcooking;2,057,851
125;/r/trashy;2,047,234
126;/r/soccer;2,044,065
127;/r/Eyebleach;2,032,239
128;/r/NintendoSwitch;2,029,871
129;/r/AmItheAsshole;2,029,261
130;/r/ChildrenFallingOver;2,028,231
131;/r/xboxone;2,026,143
132;/r/woodworking;2,022,104
133;/r/confession;2,021,229
134;/r/MakeupAddiction;2,006,212
135;/r/EatCheapAndHealthy;2,000,459
136;/r/offmychest;1,993,331
137;/r/cats;1,992,126
138;/r/pcgaming;1,948,058
139;/r/teenagers;1,947,040
140;/r/MadeMeSmile;1,945,519
141;/r/AskMen;1,934,652
142;/r/nfl;1,913,567
143;/r/HighQualityGifs;1,912,754
144;/r/hiphopheads;1,904,177
145;/r/RoastMe;1,904,387
146;/r/ChoosingBeggars;1,889,361
147;/r/IdiotsInCars;1,889,335
148;/r/NetflixBestOf;1,876,287
149;/r/raspberry_pi;1,859,048
150;/r/nsfw;1,856,655
151;/r/cars;1,853,608
152;/r/HumansBeingBros;1,852,553
153;/r/BeAmazed;1,847,428
154;/r/Roadcam;1,846,251
155;/r/HistoryPorn;1,843,584
156;/r/Cooking;1,842,235
157;/r/blackmagicfuckery;1,837,690
158;/r/keto;1,836,599
159;/r/TrollYChromosome;1,835,584
160;/r/MurderedByWords;1,821,917
161;/r/streetwear;1,815,172
162;/r/RealGirls;1,802,499
163;/r/rickandmorty;1,798,532
164;/r/DnD;1,794,389
165;/r/backpacking;1,792,080
166;/r/insanepeoplefacebook;1,779,282
167;/r/recipes;1,770,220
168;/r/OutOfTheLoop;1,756,024
169;/r/frugalmalefashion;1,753,494
170;/r/biology;1,745,559
171;/r/Outdoors;1,745,601
172;/r/cursedcomments;1,726,142
173;/r/KidsAreFuckingStupid;1,721,030
174;/r/NoStupidQuestions;1,712,836
175;/r/therewasanattempt;1,694,837
176;/r/Awwducational;1,694,319
177;/r/coolguides;1,684,771
178;/r/MovieDetails;1,684,047
179;/r/WhitePeopleTwitter;1,681,334
180;/r/mac;1,680,020
181;/r/NSFW_GIF;1,666,697
182;/r/youseeingthisshit;1,664,323
183;/r/nintendo;1,662,395
184;/r/battlestations;1,658,834
185;/r/reallifedoodles;1,653,223
186;/r/socialskills;1,652,543
187;/r/horror;1,643,201
188;/r/dating_advice;1,642,185
189;/r/scifi;1,638,443
190;/r/HistoryMemes;1,614,189
191;/r/electronicmusic;1,608,996
192;/r/ArtisanVideos;1,602,227
193;/r/whatisthisthing;1,587,743
194;/r/anime;1,583,179
195;/r/sex;1,573,026
196;/r/nevertellmetheodds;1,571,696
197;/r/wow;1,566,952
198;/r/trees;1,563,122
199;/r/FiftyFifty;1,563,548
200;/r/entertainment;1,555,663
201;/r/howto;1,551,242
202;/r/MealPrepSunday;1,536,635
203;/r/dogs;1,535,060
204;/r/natureismetal;1,528,429
205;/r/DestinyTheGame;1,514,016
206;/r/bodyweightfitness;1,510,345
207;/r/hmmm;1,506,056
208;/r/StarWars;1,500,166
209;/r/blursedimages;1,497,126
210;/r/apple;1,496,860
211;/r/madlads;1,495,533
212;/r/AskWomen;1,489,215
213;/r/learnprogramming;1,472,118
214;/r/Bitcoin;1,446,584
215;/r/PrequelMemes;1,429,011
216;/r/instantkarma;1,426,262
217;/r/camping;1,423,511
218;/r/DunderMifflin;1,412,694
219;/r/zelda;1,412,472
220;/r/quityourbullshit;1,405,745
221;/r/yesyesyesyesno;1,405,502
222;/r/hearthstone;1,404,922
223;/r/assholedesign;1,403,564
224;/r/starterpacks;1,396,288
225;/r/comics;1,387,895
226;/r/youtubehaiku;1,384,703
227;/r/JusticeServed;1,378,775
228;/r/JUSTNOMIL;1,374,608
229;/r/educationalgifs;1,366,412
230;/r/DeepIntoYouTube;1,366,972
231;/r/rareinsults;1,356,710
232;/r/shittyfoodporn;1,355,192
233;/r/iamverysmart;1,347,398
234;/r/Design;1,345,897
235;/r/CozyPlaces;1,337,257
236;/r/likeus;1,336,037
237;/r/foodhacks;1,334,574
238;/r/cursedimages;1,323,020
239;/r/femalefashionadvice;1,320,241
240;/r/MemeEconomy;1,313,778
241;/r/unpopularopinion;1,311,117
242;/r/Astronomy;1,304,938
243;/r/Sneakers;1,300,993
244;/r/wallpaper;1,283,097
245;/r/podcasts;1,278,598
246;/r/FortNiteBR;1,274,150
247;/r/thewalkingdead;1,272,488
248;/r/legaladvice;1,267,206
249;/r/holdmycosmo;1,263,195
250;/r/PeopleFuckingDying;1,262,783
251;/r/Frugal;1,261,758
252;/r/CasualConversation;1,246,368
253;/r/GamePhysics;1,245,457
254;/r/indieheads;1,240,419
255;/r/CollegeBasketball;1,236,075
256;/r/literature;1,231,315
257;/r/PerfectTiming;1,230,819
258;/r/Physics;1,229,903
259;/r/cringepics;1,227,199
260;/r/wallstreetbets;1,228,204
261;/r/tipofmytongue;1,226,412
262;/r/worldpolitics;1,222,792
263;/r/urbanexploration;1,223,853
264;/r/conspiracy;1,220,523
265;/r/writing;1,220,120
266;/r/baseball;1,218,515
267;/r/JapanTravel;1,216,957
268;/r/comedyheaven;1,214,164
269;/r/comicbooks;1,212,288
270;/r/ATBGE;1,210,463
271;/r/thatHappened;1,207,203
272;/r/savedyouaclick;1,204,953
273;/r/AnimalCrossing;1,206,883
274;/r/ProgrammerHumor;1,201,148
275;/r/niceguys;1,187,351
276;/r/hardware;1,181,969
277;/r/WeAreTheMusicMakers;1,180,534
278;/r/entitledparents;1,178,763
279;/r/breakingbad;1,177,910
280;/r/AskHistorians;1,175,859
281;/r/2meirl4meirl;1,169,573
282;/r/math;1,168,953
283;/r/holdthemoan;1,161,233
284;/r/ThriftStoreHauls;1,162,604
285;/r/cringe;1,156,637
286;/r/PUBATTLEGROUNDS;1,155,727
287;/r/SkincareAddiction;1,153,334
288;/r/4chan;1,152,360
289;/r/BustyPetite;1,150,891
290;/r/ArtefactPorn;1,149,093
291;/r/manga;1,145,778
292;/r/MMA;1,137,597
293;/r/confusing_perspective;1,136,796
294;/r/hacking;1,136,291
295;/r/LegalTeens;1,134,043
296;/r/holdmybeer;1,132,525
297;/r/progresspics;1,130,737
298;/r/cumsluts;1,124,193
299;/r/freefolk;1,121,100
300;/r/Graffiti;1,119,161
301;/r/wheredidthesodago;1,105,685
302;/r/Rainbow6;1,105,739
303;/r/HomeImprovement;1,105,800
304;/r/SketchDaily;1,104,207
305;/r/crafts;1,103,419
306;/r/GlobalOffensive;1,102,604
307;/r/nasa;1,092,798
308;/r/MaliciousCompliance;1,089,461
309;/r/CatastrophicFailure;1,086,343
310;/r/ShittyLifeProTips;1,084,392
311;/r/MachineLearning;1,076,663
312;/r/UnethicalLifeProTips;1,074,107
313;/r/spaceporn;1,074,774
314;/r/meirl;1,072,594
315;/r/ImGoingToHellForThis;1,071,126
316;/r/marvelstudios;1,070,320
317;/r/Cinemagraphs;1,070,773
318;/r/PetiteGoneWild;1,068,680
319;/r/homestead;1,069,661
320;/r/investing;1,056,537
321;/r/insaneparents;1,048,212
322;/r/technicallythetruth;1,047,018
323;/r/toptalent;1,038,776
324;/r/astrophotography;1,039,173
325;/r/Watches;1,037,528
326;/r/changemyview;1,036,933
327;/r/CampingandHiking;1,033,299
328;/r/UnresolvedMysteries;1,032,707
329;/r/DiWHY;1,029,652
330;/r/CryptoCurrency;1,028,649
331;/r/iamatotalpieceofshit;1,028,169
332;/r/AbandonedPorn;1,025,668
333;/r/greentext;1,013,811
334;/r/meme;1,014,856
335;/r/RoomPorn;1,011,583
336;/r/southpark;1,010,503
337;/r/chemistry;1,009,652
338;/r/Metal;1,010,207
339;/r/carporn;1,002,664
340;/r/hockey;1,002,678
341;/r/rpg;1,001,035
342;/r/oldpeoplefacebook;997,584
343;/r/adorableporn;996,554
344;/r/rule34;995,814
345;/r/childfree;996,571
346;/r/gifsthatkeepongiving;995,081
347;/r/ProRevenge;991,18
348;/r/AsiansGoneWild;987,137
349;/r/Health;987,438
350;/r/bodybuilding;983,4
351;/r/PoliticalHumor;981,949
352;/r/GirlsFinishingTheJob;978,301
353;/r/maybemaybemaybe;976,724
354;/r/TIHI;972,584
355;/r/apexlegends;972,302
356;/r/DeepFriedMemes;970,906
357;/r/collegesluts;970,209
358;/r/solotravel;969,574
359;/r/google;968,966
360;/r/MapPorn;967,63
361;/r/Filmmakers;967,306
362;/r/hentai;960,375
363;/r/nsfw_gifs;958,29
364;/r/softwaregore;956,767
365;/r/iamverybadass;956,117
366;/r/javascript;952,762
367;/r/DesignPorn;951,213
368;/r/DoesAnybodyElse;948,663
369;/r/SpecArt;947,825
370;/r/self;945,422
371;/r/KerbalSpaceProgram;946,07
372;/r/powerwashingporn;944,173
373;/r/hiking;942,311
374;/r/running;941,564
375;/r/suggestmeabook;940,899
376;/r/OopsDidntMeanTo;936,753
377;/r/EDM;936,851
378;/r/classicalmusic;936,289
379;/r/mashups;935,345
380;/r/formula1;934,035
381;/r/techsupport;929,384
382;/r/motorcycles;914,812
383;/r/somethingimade;912,636
384;/r/SweatyPalms;911,476
385;/r/awfuleverything;911,496
386;/r/ShouldIbuythisgame;910,371
387;/r/Fantasy;908,996
388;/r/audiophile;904,787
389;/r/specializedtools;902,8
390;/r/ANormalDayInRussia;901,654
391;/r/fakehistoryporn;899,666
392;/r/porn;896,192
393;/r/skyrim;895,123
394;/r/Justrolledintotheshop;894,245
395;/r/AsianBeauty;891,686
396;/r/BiggerThanYouThought;889,694
397;/r/BoneAppleTea;887,972
398;/r/TooAfraidToAsk;886,948
399;/r/nutrition;882,138
400;/r/blessedimages;878,444
401;/r/roadtrip;877,309
402;/r/Amateur;874,244
403;/r/fffffffuuuuuuuuuuuu;872,221
404;/r/TittyDrop;871,529
405;/r/Bossfight;871,326
406;/r/WinStupidPrizes;871,488
407;/r/compsci;870,116
408;/r/PornhubComments;869,164
409;/r/Animemes;865,401
410;/r/fightporn;858,13
411;/r/subredditoftheday;858,384
412;/r/woooosh;856,625
413;/r/WhatsWrongWithYourDog;856,151
414;/r/LivestreamFail;853,029
415;/r/PoliticalDiscussion;850,33
416;/r/sadcringe;850,824
417;/r/reddit.com;849,95
418;/r/WhyWereTheyFilming;847,129
419;/r/nononono;845,973
420;/r/Steam;845,217
421;/r/pettyrevenge;845,063
422;/r/ComedyCemetery;843,328
423;/r/dankchristianmemes;840,906
424;/r/CFB;841,01
425;/r/HolUp;841,913
426;/r/porninfifteenseconds;836,85
427;/r/ExposurePorn;831,943
428;/r/HealthyFood;829,589
429;/r/ass;825,759
430;/r/privacy;824,615
431;/r/tumblr;821,758
432;/r/Economics;820,12
433;/r/truegaming;817,593
434;/r/StartledCats;816,071
435;/r/analog;815,297
436;/r/harrypotter;814,147
437;/r/Survival;812,746
438;/r/wiiu;810,444
439;/r/Cringetopia;806,488
440;/r/UNBGBBIIVCHIDCTIICBG;802,959
441;/r/Perfectfit;802,198
442;/r/nostalgia;801,85
443;/r/FreeEBOOKS;802,578
444;/r/im14andthisisdeep;801,546
445;/r/thisismylifenow;800,077
446;/r/smashbros;799,832
447;/r/shittyaskscience;799,698
448;/r/Instagramreality;800,251
449;/r/photocritique;795,68
450;/r/imsorryjon;792,711
451;/r/Shitty_Car_Mods;789,682
452;/r/TrollXChromosomes;787,558
453;/r/pawg;786,852
454;/r/westworld;787,06
455;/r/forbiddensnacks;783,82
456;/r/Zoomies;783,777
457;/r/modernwarfare;783,75
458;/r/holdmyredbull;782,317
459;/r/mealtimevideos;781,836
460;/r/crappyoffbrands;776,635
461;/r/oddlyterrifying;776,2
462;/r/holdmyfeedingtube;774,659
463;/r/milf;772,77
464;/r/digitalnomad;771,005
465;/r/ADHD;769,984
466;/r/MachinePorn;768,923
467;/r/LetsNotMeet;768,049
468;/r/Shoestring;760,962
469;/r/NSFWFunny;756,966
470;/r/IdiotsFightingThings;757,601
471;/r/whitepeoplegifs;756,044
472;/r/The_Donald;750,637
473;/r/dank_meme;750,394
474;/r/gatekeeping;750,375
475;/r/Homebrewing;748,713
476;/r/OnOff;745,632
477;/r/BuyItForLife;742,264
478;/r/Entrepreneur;741,431
479;/r/GameDeals;741,394
480;/r/suspiciouslyspecific;739,904
481;/r/financialindependence;739,655
482;/r/MakeMeSuffer;739,624
483;/r/surrealmemes;736,44
484;/r/FellowKids;734,633
485;/r/HydroHomies;733,355
486;/r/Twitch;733,38
487;/r/Poetry;731,145
488;/r/LipsThatGrip;725,01
489;/r/bonehurtingjuice;724,671
490;/r/beta;723,678
491;/r/Boxing;723,198
492;/r/Justfuckmyshitup;721,894
493;/r/IWantOut;722,907
494;/r/freebies;720,295
495;/r/ksi;722,125
496;/r/snowboarding;717,984
497;/r/yesyesyesno;716,636
498;/r/OSHA;711,868
499;/r/AbsoluteUnits;709,898
500;/r/3DS;710,73
501;/r/blunderyears;710,382
502;/r/confessions;704,999
503;/r/AccidentalRenaissance;704,552
504;/r/terriblefacebookmemes;703,145
505;/r/perfectlycutscreams;703,681
506;/r/asoiaf;702,031
507;/r/Blowjobs;700,702
508;/r/Screenwriting;700,328
509;/r/justneckbeardthings;698,783
510;/r/vandwellers;699,36
511;/r/RocketLeague;698,727
512;/r/ExpectationVsReality;695,654
513;/r/skiing;695,686
514;/r/Fallout;691,355
515;/r/JusticePorn;689,635
516;/r/okbuddyretard;689,66
517;/r/BrandNewSentence;687,553
518;/r/reddeadredemption;687,38
519;/r/ofcoursethatsathing;686,588
520;/r/teslamotors;686,662
521;/r/witcher;686,304
522;/r/familyguy;684,873
523;/r/DotA2;683,809
524;/r/thanosdidnothingwrong;682,241
525;/r/Drugs;682,112
526;/r/AskOuija;680,269
527;/r/AbruptChaos;681,53
528;/r/Marvel;679,178
529;/r/environment;675,906
530;/r/pussy;673,757
531;/r/buildapcsales;671,654
532;/r/celebnsfw;669,691
533;/r/FloridaMan;669,338
534;/r/canada;669,501
535;/r/dogswithjobs;668,775
536;/r/homeautomation;669,602
537;/r/bicycling;669,483
538;/r/stocks;669,25
539;/r/nsfwhardcore;666,882
540;/r/IDontWorkHereLady;666,11
541;/r/intermittentfasting;665,75
542;/r/FunnyandSad;664,36
543;/r/ScottishPeopleTwitter;662,991
544;/r/DidntKnowIWantedThat;661,772
545;/r/youngpeopleyoutube;660,128
546;/r/dontputyourdickinthat;658,605
547;/r/NotMyJob;657,602
548;/r/JizzedToThis;656,333
549;/r/copypasta;656,61
550;/r/Nicegirls;654,522
551;/r/climbing;652,8
552;/r/thalassophobia;651,178
553;/r/HappyEmbarrassedGirls;648,608
554;/r/futurama;647,57
555;/r/creepyPMs;645,854
556;/r/ihadastroke;644,876
557;/r/gtaonline;643,328
558;/r/MostBeautiful;641,033
559;/r/depression;640,908
560;/r/psychology;639,968
561;/r/mechanical_gifs;638,991
562;/r/LearnUselessTalents;638,518
563;/r/GWCouples;638,256
564;/r/talesfromtechsupport;638,073
565;/r/CrazyIdeas;636,2
566;/r/FanTheories;635,412
567;/r/vagabond;635,864
568;/r/boottoobig;633,992
569;/r/lotrmemes;633,647
570;/r/IWantToLearn;632,029
571;/r/antiMLM;627,054
572;/r/Paranormal;623,773
573;/r/evilbuildings;620,597
574;/r/Glitch_in_the_Matrix;619,898
575;/r/WeWantPlates;619,13
576;/r/suicidebywords;619,063
577;/r/FuckYouKaren;621,743
578;/r/NoFap;615,526
579;/r/SubredditDrama;614,963
580;/r/holdmyjuicebox;614,311
581;/r/nflstreams;614,193
582;/r/juicyasians;611,385
583;/r/Fishing;611,639
584;/r/aviation;610,696
585;/r/ShitPostCrusaders;610,424
586;/r/woof_irl;608,434
587;/r/StardewValley;606,549
588;/r/holdmyfries;604,677
589;/r/dirtysmall;603,001
590;/r/ThatsInsane;605,13
591;/r/clevercomebacks;602,193
592;/r/DadReflexes;601,387
593;/r/combinedgifs;600,857
594;/r/shittyrobots;596,889
595;/r/theydidthemath;595,338
596;/r/TrueOffMyChest;595,939
597;/r/MechanicalKeyboards;596,218
598;/r/TalesFromRetail;593,939
599;/r/lego;593,773
600;/r/perfectloops;591,958
601;/r/tippytaps;591,92
602;/r/gonewild30plus;591,639
603;/r/Guitar;591,538
604;/r/Boobies;590,285
605;/r/WatchItForThePlot;587,319
606;/r/trashyboners;586,74
607;/r/PenmanshipPorn;585,709
608;/r/geek;585,555
609;/r/Python;586,033
610;/r/SuddenlyGay;582,581
611;/r/getdisciplined;581,266
612;/r/raisedbynarcissists;579,903
613;/r/PraiseTheCameraMan;579,731
614;/r/outside;577,972
615;/r/IASIP;576,761
616;/r/dontdeadopeninside;576,552
617;/r/wallpapers;574,615
618;/r/StrangerThings;574,433
619;/r/ColorizedHistory;573,996
620;/r/BreedingMaterial;573,433
621;/r/EngineeringPorn;573,198
622;/r/anime_irl;572,207
623;/r/CityPorn;568,5
624;/r/TheLastAirbender;571,776
625;/r/GodPussy;567,253
626;/r/anal;565,789
627;/r/gentlemanboners;564,731
628;/r/sbubby;564,671
629;/r/Breath_of_the_Wild;564,241
630;/r/goddesses;564,314
631;/r/disneyvacation;562,79
632;/r/nsfwcosplay;561,721
633;/r/redditgetsdrawn;559,906
634;/r/nbastreams;559,373
635;/r/fantasyfootball;558,921
636;/r/worldbuilding;559,053
637;/r/chemicalreactiongifs;558,621
638;/r/Memes_Of_The_Dank;558,897
639;/r/AnimalTextGifs;557,918
640;/r/palegirls;554,813
641;/r/notliketheothergirls;554,744
642;/r/wholesomegifs;553,398
643;/r/business;552,903
644;/r/curvy;550,708
645;/r/guns;549,902
646;/r/CasualUK;548,785
647;/r/AsianHotties;548,217
648;/r/homemadexxx;547,448
649;/r/polandball;545,844
650;/r/JoeRogan;545,362
651;/r/AMA;543,917
652;/r/agedlikemilk;542,734
653;/r/blackpeoplegifs;541,05
654;/r/StoppedWorking;540,725
655;/r/Piracy;540,016
656;/r/offbeat;536,272
657;/r/Patriots;535,379
658;/r/LateStageCapitalism;534,648
659;/r/cosplaygirls;533,152
660;/r/brooklynninenine;532,932
661;/r/ihavesex;532,757
662;/r/freeuse;532,471
663;/r/18_19;531,611
664;/r/CatsStandingUp;531,589
665;/r/workgonewild;530,529
666;/r/girlsinyogapants;527,219
667;/r/jailbreak;526,39
668;/r/linux;525,858
669;/r/comedyhomicide;525,247
670;/r/lesbians;524,487
671;/r/indianpeoplefacebook;524,584
672;/r/INEEEEDIT;523,709
673;/r/firstworldanarchists;521,683
674;/r/asstastic;521,083
675;/r/discordapp;521,616
676;/r/malelivingspace;520,571
677;/r/calvinandhobbes;517,768
678;/r/dndmemes;518,212
679;/r/TheSilphRoad;513,821
680;/r/gonewildcurvy;510,648
681;/r/PandR;510,102
682;/r/bigasses;508,726
683;/r/Celebs;508,402
684;/r/Simulated;506,667
685;/r/Prematurecelebration;505,882
686;/r/StraightGirlsPlaying;505,024
687;/r/4PanelCringe;504,256
688;/r/seduction;503,781
689;/r/SandersForPresident;501,633
690;/r/delusionalartists;500,893
691;/r/lgbt;501,627
692;/r/DecidingToBeBetter;499,956
693;/r/ketorecipes;499,55
694;/r/netflix;499,864
695;/r/kpop;499,381
696;/r/thick;498,892
697;/r/grool;498,214
698;/r/Meditation;497,924
699;/r/HumansAreMetal;496,488
700;/r/QuotesPorn;494,827
701;/r/IsItBullshit;494,018
702;/r/KenM;492,945
703;/r/TinyTits;492,84
704;/r/absolutelynotme_irl;492,281
705;/r/TumblrInAction;491,848
706;/r/TooCuteForPorn;490,814
707;/r/SquaredCircle;490,76
708;/r/Autos;489,893
709;/r/misleadingthumbnails;487,921
710;/r/watchpeoplesurvive;487,178
711;/r/2007scape;486,505
712;/r/pussypassdenied;486,509
713;/r/australia;485,556
714;/r/webdev;485,3
715;/r/TikTokCringe;484,66
716;/r/NSFW_Snapchat;483,207
717;/r/Terraria;484,918
718;/r/shittymoviedetails;482,723
719;/r/babyelephantgifs;481,257
720;/r/Hotwife;481,237
721;/r/MyPeopleNeedMe;480,739
722;/r/Cyberpunk;480,046
723;/r/wifesharing;479,123
724;/r/destiny2;476,473
725;/r/Pareidolia;475,859
726;/r/2healthbars;475,224
727;/r/Stacked;475,055
728;/r/BokuNoHeroAcademia;474,945
729;/r/3Dprinting;474,424
730;/r/TrueReddit;473,948
731;/r/engrish;473,423
732;/r/ConvenientCop;472,384
733;/r/gwcumsluts;470,73
734;/r/HadToHurt;469,158
735;/r/sysadmin;468,787
736;/r/spacex;469,525
737;/r/FestivalSluts;466,659
738;/r/AteTheOnion;464,748
739;/r/vegan;464,199
740;/r/web_design;464,054
741;/r/h3h3productions;463,236
742;/r/shutupandtakemymoney;463,211
743;/r/ethereum;463,36
744;/r/60fpsporn;461,485
745;/r/BigBoobsGW;459,398
746;/r/NSFW411;459,28
747;/r/bestoflegaladvice;459,451
748;/r/hitmanimals;458,281
749;/r/TheDepthsBelow;456,308
750;/r/britishproblems;454,178
751;/r/howtonotgiveafuck;453,252
752;/r/shortscarystories;453,084
753;/r/HongKong;451,326
754;/r/OnePiece;450,768
755;/r/standupshots;449,962
756;/r/HENTAI_GIF;449,431
757;/r/antimeme;448,713
758;/r/lostredditors;447,704
759;/r/AccidentalRacism;446,159
760;/r/AmateurRoomPorn;446,427
761;/r/findareddit;445,135
762;/r/halo;445,182
763;/r/gamedev;444,843
764;/r/bodyperfection;444,456
765;/r/Amd;445,281
766;/r/GirlswithGlasses;443,953
767;/r/SexInFrontOfOthers;443,387
768;/r/FORTnITE;443,637
769;/r/NASCAR;442,066
770;/r/beermoney;440,568
771;/r/MorbidReality;440,046
772;/r/EmpireDidNothingWrong;439,997
773;/r/pornvids;439,922
774;/r/GoCommitDie;439,497
775;/r/NoahGetTheBoat;439,246
776;/r/startups;438,975
777;/r/minimalism;437,877
778;/r/techsupportgore;437,176
779;/r/quiver;436,914
780;/r/vinyl;436,935
781;/r/LSD;437,179
782;/r/gonewildstories;435,851
783;/r/rearpussy;434,433
784;/r/corgi;434,363
785;/r/ActLikeYouBelong;434,477
786;/r/productivity;434,551
787;/r/tennis;434,706
788;/r/TheMonkeysPaw;433,35
789;/r/SheLikesItRough;430,399
790;/r/tooktoomuch;430,446
791;/r/youtube;429,861
792;/r/Warframe;429,63
793;/r/rimjob_steve;428,112
794;/r/classicwow;426,702
795;/r/ginger;425,638
796;/r/amateurcumsluts;425,252
797;/r/ABoringDystopia;423,994
798;/r/StockMarket;424,24
799;/r/Celebhub;423,843
800;/r/ClashRoyale;423,003
801;/r/SubredditSimulator;420,242
802;/r/creepyasterisks;419,993
803;/r/Advice;419,803
804;/r/boobs;418,748
805;/r/lotr;418,873
806;/r/dashcamgifs;418,244
807;/r/olympics;417,656
808;/r/gettingherselfoff;417,476
809;/r/CombatFootage;417,477
810;/r/IllegalLifeProTips;418,181
811;/r/graphic_design;417,567
812;/r/redheads;414,596
813;/r/Baking;414,939
814;/r/TheWayWeWere;414,421
815;/r/gonewildaudio;413,964
816;/r/jesuschristreddit;414,045
817;/r/SCP;413,855
818;/r/theocho;412,669
819;/r/beetlejuicing;410,95
820;/r/creampies;409,918
821;/r/Gonewild18;409,274
822;/r/fitgirls;408,282
823;/r/whenitgoesin;406,464
824;/r/circlejerk;406,41
825;/r/happy;406,018
826;/r/deepthroat;405,68
827;/r/RetroFuturism;404,907
828;/r/everymanshouldknow;404,526
829;/r/gamernews;404,292
830;/r/doctorwho;403,786
831;/r/Instantregret;402,223
832;/r/WouldYouFuckMyWife;401,634
833;/r/beer;401,395
834;/r/rage;401,172
835;/r/oddlyspecific;400,71
836;/r/summonerschool;400,504
837;/r/TwoSentenceHorror;400,999
838;/r/squirting;399,228
839;/r/paag;399,183
840;/r/boobbounce;398,633
841;/r/tipofmypenis;397,844
842;/r/magicTCG;397,649
843;/r/donthelpjustfilm;397,267
844;/r/FIFA;396,007
845;/r/MonsterHunterWorld;394,535
846;/r/nocontextpics;394,273
847;/r/Upskirt;393,164
848;/r/ThingsCutInHalfPorn;393,148
849;/r/Hotchickswithtattoos;392,496
850;/r/xsmallgirls;391,703
851;/r/DarkHumorAndMemes;392,625
852;/r/CuteLittleButts;390,463
853;/r/puns;390,586
854;/r/KamikazeByWords;390,854
855;/r/darkjokes;389,91
856;/r/marvelmemes;389,236
857;/r/LosAngelesRams;387,829
858;/r/HugeDickTinyChick;386,911
859;/r/theratio;385,48
860;/r/totallynotrobots;384,835
861;/r/Naruto;385,195
862;/r/xxfitness;384,83
863;/r/Kanye;384,837
864;/r/Libertarian;384,501
865;/r/MonsterHunter;383,78
866;/r/shittysuperpowers;382,999
867;/r/cscareerquestions;382,803
868;/r/curlyhair;382,473
869;/r/porn_gifs;381,742
870;/r/cumfetish;381,706
871;/r/13or30;381,871
872;/r/Nude_Selfie;381,531
873;/r/needadvice;381,228
874;/r/wholesomebpt;381,112
875;/r/creepypasta;380,315
876;/r/burstingout;379,748
877;/r/altgonewild;379,15
878;/r/finance;379,071
879;/r/facedownassup;378,516
880;/r/hugeboobs;378,161
881;/r/ThatLookedExpensive;377,948
882;/r/tf2;378,055
883;/r/notinteresting;376,556
884;/r/shittyreactiongifs;376,166
885;/r/badwomensanatomy;375,913
886;/r/WatchandLearn;374,269
887;/r/Chonkers;373,518
888;/r/MechanicAdvice;373,371
889;/r/netsec;371,924
890;/r/JerkOffToCelebs;370,907
891;/r/InternetStars;371,245
892;/r/wikipedia;370,847
893;/r/youdontsurf;370,261
894;/r/weed;370,598
895;/r/Brawlstars;368,951
896;/r/brasil;368,74
897;/r/learnpython;367,898
898;/r/bigtiddygothgf;367,36
899;/r/gonewildcouples;365,701
900;/r/iamveryrandom;365,469
901;/r/ffxiv;365,709
902;/r/apolloapp;365,499
903;/r/dontyouknowwhoiam;365,251
904;/r/tightdresses;364,058
905;/r/BoJackHorseman;363,104
906;/r/ArchitecturePorn;362,917
907;/r/onejob;362,979
908;/r/civ;363,463
909;/r/Badfaketexts;362,285
910;/r/Cuckold;361,995
911;/r/SequelMemes;362,196
912;/r/CollegeAmateurs;361,597
913;/r/JiggleFuck;360,249
914;/r/trebuchetmemes;360,013
915;/r/raining;360,096
916;/r/1200isplenty;359,679
917;/r/Anxiety;358,973
918;/r/nocontext;358,719
919;/r/PropagandaPosters;357,436
920;/r/Botchedsurgeries;356,596
921;/r/dirtyr4r;356,515
922;/r/outrun;356,388
923;/r/VALORANT;356,894
924;/r/chubby;354,522
925;/r/vexillology;354,508
926;/r/2busty2hide;354,954
927;/r/latinas;354,195
928;/r/france;353,009
929;/r/IRLEasterEggs;352,538
930;/r/ArtPorn;352,508
931;/r/Bad_Cop_No_Donut;357,243
932;/r/AutoDetailing;352,383
933;/r/TrumpCriticizesTrump;351,941
934;/r/DepthHub;349,902
935;/r/patientgamers;349,933
936;/r/asshole;349,434
937;/r/pathofexile;349,425
938;/r/canthold;348,78
939;/r/AskRedditAfterDark;348,593
940;/r/NotHowGirlsWork;348,505
941;/r/IncelTears;348,248
942;/r/TalesFromYourServer;348,168
943;/r/FashionReps;347,578
944;/r/Coffee;347,553
945;/r/rupaulsdragrace;347,811
946;/r/RandomActsOfBlowJob;346,352
947;/r/O_Faces;345,385
948;/r/community;346,074
949;/r/FUCKYOUINPARTICULAR;345,562
950;/r/cosplay;344,886
951;/r/Nudes;344,374
952;/r/forwardsfromgrandma;344,367
953;/r/KeanuBeingAwesome;343,904
954;/r/pewdiepie;344,047
955;/r/VaporwaveAesthetics;343,441
956;/r/AccidentalWesAnderson;343,109
957;/r/Gamingcirclejerk;343,138
958;/r/edmproduction;342,548
959;/r/menwritingwomen;342,396
960;/r/Neverbrokeabone;341,911
961;/r/nukedmemes;341,045
962;/r/SmashBrosUltimate;340,863
963;/r/bdsm;340,589
964;/r/Conservative;341,096
965;/r/suicidegirls;340,494
966;/r/india;340,46
967;/r/absolutelynotmeirl;339,741
968;/r/de_IAmA;339,334
969;/r/thedivision;339,202
970;/r/UnsentLetters;339,67
971;/r/borderlands3;338,869
972;/r/Exxxtras;338,447
973;/r/peopleofwalmart;338,308
974;/r/MilitaryPorn;338,177
975;/r/holdmycatnip;337,859
976;/r/NoMansSkyTheGame;337,392
977;/r/mildlypenis;336,247
978;/r/godtiersuperpowers;335,967
979;/r/Cursed_Images;335,641
980;/r/knitting;335,264
981;/r/Breadit;335,352
982;/r/ItemShop;335,242
983;/r/csgo;335,417
984;/r/baconreader;333,51
985;/r/dndnext;333,892
986;/r/comedynecromancy;331,156
987;/r/Foodforthought;331,138
988;/r/fo4;329,384
989;/r/jobs;329,241
990;/r/simps;328,74
991;/r/houseplants;328,399
992;/r/LucidDreaming;327,924
993;/r/AnalGW;327,291
994;/r/TheSimpsons;326,76
995;/r/nvidia;327,021
996;/r/darksouls3;326,616
997;/r/Moviesinthemaking;326,313
998;/r/EscapefromTarkov;326,003
999;/r/VerticalGifs;325,355
1;/r/headphones;324,785
